{
  "maido_binding_effect": {
    "category": "ambient",
    "sounds": [
      {
        "name": "maido_caffe:maido_binding_effect",
        "stream": false
      }
    ]
  },
  "maido_fire_effect": {
    "category": "ambient",
    "sounds": [
      {
        "name": "maido_caffe:maido_fire_effect",
        "stream": false
      }
    ]
  },
  "maido_tp_effect": {
    "category": "ambient",
    "sounds": [
      {
        "name": "maido_caffe:maido_tp_effect",
        "stream": false
      }
    ]
  }
}