{
  "_fv": 24,
  "_type": "gui",
  "definition": {
    "type": 0,
    "width": 300,
    "height": 240,
    "inventoryOffsetX": 0,
    "inventoryOffsetY": 0,
    "renderBgLayer": true,
    "doesPauseGame": false,
    "components": [
      {
        "type": "label",
        "data": {
          "text": "<VAR:MaidoWP1>",
          "color": {
            "value": -10092442,
            "falpha": 0.0
          },
          "name": "<VAR:MaidoWP1>",
          "x": 76,
          "y": 18
        }
      },
      {
        "type": "label",
        "data": {
          "text": "<VAR:MaidoWP2>",
          "color": {
            "value": -10092442,
            "falpha": 0.0
          },
          "name": "<VAR:MaidoWP2>",
          "x": 76,
          "y": 38
        }
      },
      {
        "type": "label",
        "data": {
          "text": "<VAR:MaidoWP3>",
          "color": {
            "value": -10092442,
            "falpha": 0.0
          },
          "name": "<VAR:MaidoWP3>",
          "x": 76,
          "y": 58
        }
      },
      {
        "type": "label",
        "data": {
          "text": "<VAR:MaidoWP4>",
          "color": {
            "value": -10092442,
            "falpha": 0.0
          },
          "name": "<VAR:MaidoWP4>",
          "x": 76,
          "y": 78
        }
      },
      {
        "type": "label",
        "data": {
          "text": "<VAR:MaidoWP5>",
          "color": {
            "value": -10092442,
            "falpha": 0.0
          },
          "name": "<VAR:MaidoWP5>",
          "x": 76,
          "y": 98
        }
      },
      {
        "type": "label",
        "data": {
          "text": "<VAR:MaidoWP6>",
          "color": {
            "value": -10092442,
            "falpha": 0.0
          },
          "name": "<VAR:MaidoWP6>",
          "x": 76,
          "y": 118
        }
      },
      {
        "type": "label",
        "data": {
          "text": "<VAR:MaidoWP7>",
          "color": {
            "value": -10092442,
            "falpha": 0.0
          },
          "name": "<VAR:MaidoWP7>",
          "x": 76,
          "y": 138
        }
      },
      {
        "type": "label",
        "data": {
          "text": "<VAR:MaidoWP8>",
          "color": {
            "value": -10092442,
            "falpha": 0.0
          },
          "name": "<VAR:MaidoWP8>",
          "x": 76,
          "y": 158
        }
      },
      {
        "type": "label",
        "data": {
          "text": "<VAR:MaidoWP9>",
          "color": {
            "value": -10092442,
            "falpha": 0.0
          },
          "name": "<VAR:MaidoWP9>",
          "x": 76,
          "y": 178
        }
      },
      {
        "type": "label",
        "data": {
          "text": "<VAR:MaidoWP10>",
          "color": {
            "value": -10092442,
            "falpha": 0.0
          },
          "name": "<VAR:MaidoWP10>",
          "x": 76,
          "y": 198
        }
      },
      {
        "type": "checkbox",
        "data": {
          "text": "",
          "name": "MaidoWP1Del",
          "x": 326,
          "y": 8
        }
      },
      {
        "type": "checkbox",
        "data": {
          "text": "",
          "name": "MaidoWP2Del",
          "x": 326,
          "y": 28
        }
      },
      {
        "type": "checkbox",
        "data": {
          "text": "",
          "name": "MaidoWP3Del",
          "x": 326,
          "y": 48
        }
      },
      {
        "type": "checkbox",
        "data": {
          "text": "",
          "name": "MaidoWP4Del",
          "x": 326,
          "y": 68
        }
      },
      {
        "type": "checkbox",
        "data": {
          "text": "",
          "name": "MaidoWP5Del",
          "x": 326,
          "y": 88
        }
      },
      {
        "type": "checkbox",
        "data": {
          "text": "",
          "name": "MaidoWP6Del",
          "x": 326,
          "y": 108
        }
      },
      {
        "type": "checkbox",
        "data": {
          "text": "",
          "name": "MaidoWP7Del",
          "x": 326,
          "y": 128
        }
      },
      {
        "type": "checkbox",
        "data": {
          "text": "",
          "name": "MaidoWP8Del",
          "x": 326,
          "y": 148
        }
      },
      {
        "type": "checkbox",
        "data": {
          "text": "",
          "name": "MaidoWP9Del",
          "x": 326,
          "y": 168
        }
      },
      {
        "type": "checkbox",
        "data": {
          "text": "",
          "name": "MaidoWP10Del",
          "x": 326,
          "y": 188
        }
      },
      {
        "type": "button",
        "data": {
          "text": "Delete",
          "onClick": {
            "name": "MaidoWPDeleteProcedure"
          },
          "width": 56,
          "height": 20,
          "name": "Delete",
          "x": 213,
          "y": 216
        }
      },
      {
        "type": "button",
        "data": {
          "text": "Cancel",
          "onClick": {
            "name": "MaidoCloseGUIProcedure"
          },
          "width": 56,
          "height": 20,
          "name": "Cancel",
          "x": 276,
          "y": 216
        }
      }
    ],
    "gridSettings": {
      "sx": 20,
      "sy": 20,
      "ox": 11,
      "oy": 15,
      "snapOnGrid": false
    }
  }
}