{
  "_fv": 24,
  "_type": "achievement",
  "definition": {
    "achievementName": "Maido Caffe Alpha Tester",
    "achievementDescription": "Thank you for testing my mod, kuroi_anji (OwO)",
    "achievementIcon": {
      "value": "Blocks.REDSTONE_TORCH"
    },
    "background": "Default",
    "disableDisplay": false,
    "showPopup": true,
    "announceToChat": true,
    "hideIfNotCompleted": true,
    "rewardLoot": [],
    "rewardRecipes": [],
    "rewardFunction": "No function",
    "rewardXP": 100,
    "achievementType": "challenge",
    "parent": {
      "value": "CUSTOM:MaidoMadeBound"
    },
    "triggerxml": "<xml xmlns=\"https://developers.google.com/blockly/xml\"><block type=\"custom_trigger\" x=\"57\" y=\"37\"><next><block type=\"advancement_trigger\" deletable=\"false\"></block></next></block></xml>"
  }
}