{
  "_fv": 24,
  "_type": "gui",
  "definition": {
    "type": 0,
    "width": 145,
    "height": 80,
    "inventoryOffsetX": 0,
    "inventoryOffsetY": 0,
    "renderBgLayer": true,
    "doesPauseGame": false,
    "components": [
      {
        "type": "textfield",
        "data": {
          "placeholder": "",
          "width": 120,
          "height": 20,
          "name": "MaidoWPNameInput",
          "x": 155,
          "y": 105
        }
      },
      {
        "type": "label",
        "data": {
          "text": "Way Point Name",
          "color": {
            "value": -13434829,
            "falpha": 0.0
          },
          "name": "Way Point Name",
          "x": 180,
          "y": 92
        }
      },
      {
        "type": "button",
        "data": {
          "text": "Save",
          "onClick": {
            "name": "MaidoWaypointSetProcedure"
          },
          "width": 46,
          "height": 20,
          "name": "Save",
          "x": 155,
          "y": 129
        }
      },
      {
        "type": "button",
        "data": {
          "text": "Cancel",
          "onClick": {
            "name": "MaidoCloseGUIProcedure"
          },
          "width": 56,
          "height": 20,
          "name": "Cancel",
          "x": 218,
          "y": 129
        }
      },
      {
        "type": "label",
        "data": {
          "text": "with the actual system you need",
          "color": {
            "value": -65536,
            "falpha": 0.0
          },
          "name": "with the actual system you need",
          "x": 133,
          "y": 52
        }
      },
      {
        "type": "label",
        "data": {
          "text": "to avoid using x, y or z",
          "color": {
            "value": -65536,
            "falpha": 0.0
          },
          "name": "to avoid using x, y or z",
          "x": 150,
          "y": 61
        }
      },
      {
        "type": "label",
        "data": {
          "text": "for the name of the waypoint",
          "color": {
            "value": -65536,
            "falpha": 0.0
          },
          "name": "for the name of the waypoint",
          "x": 140,
          "y": 70
        }
      }
    ],
    "gridSettings": {
      "sx": 18,
      "sy": 18,
      "ox": 26,
      "oy": 15,
      "snapOnGrid": false
    }
  }
}