{
  "_fv": 24,
  "_type": "achievement",
  "definition": {
    "achievementName": "A New Member Awaits You",
    "achievementDescription": "This world is too big to be alone.",
    "achievementIcon": {
      "value": "CUSTOM:MaidoCaffeBottleNeedle"
    },
    "background": "maido_achiev_bg.png",
    "disableDisplay": false,
    "showPopup": true,
    "announceToChat": true,
    "hideIfNotCompleted": true,
    "rewardLoot": [],
    "rewardRecipes": [
      "MaidoBottleNeedleRecipe"
    ],
    "rewardFunction": "No function",
    "rewardXP": 0,
    "achievementType": "task",
    "parent": {
      "value": "No parent: root"
    },
    "triggerxml": "<xml xmlns=\"https://developers.google.com/blockly/xml\"><block type=\"custom_trigger\" x=\"30\" y=\"123\"><next><block type=\"advancement_trigger\" deletable=\"false\"></block></next></block></xml>"
  }
}