{
  "_fv": 24,
  "_type": "achievement",
  "definition": {
    "achievementName": "Blood for my Writings",
    "achievementDescription": "Blood of my veins for the words.",
    "achievementIcon": {
      "value": "CUSTOM:MaidoCaffeBottleBlood"
    },
    "background": "Default",
    "disableDisplay": false,
    "showPopup": true,
    "announceToChat": true,
    "hideIfNotCompleted": true,
    "rewardLoot": [],
    "rewardRecipes": [
      "MaidoBindingContractRecipe"
    ],
    "rewardFunction": "No function",
    "rewardXP": 20,
    "achievementType": "task",
    "parent": {
      "value": "CUSTOM:MaidoCaffeAchievement"
    },
    "triggerxml": "<xml xmlns=\"https://developers.google.com/blockly/xml\"><block type=\"item_in_inventory\" x=\"40\" y=\"47\"><value name=\"amount_l\"><block type=\"math_number\"><field name=\"NUM\">1</field></block></value><value name=\"amount_h\"><block type=\"math_number\"><field name=\"NUM\">1</field></block></value><value name=\"item\"><block type=\"mcitem_all\"><field name=\"value\">CUSTOM:MaidoCaffeBottleBlood</field></block></value><next><block type=\"advancement_trigger\" deletable=\"false\"></block></next></block></xml>"
  }
}