{
  "_fv": 24,
  "_type": "gui",
  "definition": {
    "type": 1,
    "width": 180,
    "height": 166,
    "inventoryOffsetX": 0,
    "inventoryOffsetY": 0,
    "renderBgLayer": true,
    "doesPauseGame": false,
    "components": [
      {
        "type": "label",
        "data": {
          "text": "Plenum Nomen:",
          "color": {
            "value": -13434829,
            "falpha": 0.0
          },
          "name": "Plenum Nomen:",
          "x": 132,
          "y": 44
        }
      },
      {
        "type": "label",
        "data": {
          "text": "<VAR:MaidoName>",
          "color": {
            "value": -10092442,
            "falpha": 0.0
          },
          "name": "<VAR:MaidoName>",
          "x": 204,
          "y": 44
        }
      },
      {
        "type": "label",
        "data": {
          "text": "bound to:",
          "color": {
            "value": -13434829,
            "falpha": 0.0
          },
          "name": "bound to:",
          "x": 132,
          "y": 62
        }
      },
      {
        "type": "label",
        "data": {
          "text": "<VAR:MaidoOwnerName>",
          "color": {
            "value": -10092442,
            "falpha": 0.0
          },
          "name": "<VAR:MaidoOwnerName>",
          "x": 132,
          "y": 71
        }
      },
      {
        "type": "button",
        "data": {
          "text": "Stay",
          "onClick": {
            "name": "MaidoSetStay"
          },
          "displayCondition": {
            "name": "MaidoBStayDisp"
          },
          "width": 46,
          "height": 20,
          "name": "Stay",
          "x": 187,
          "y": 98
        }
      },
      {
        "type": "button",
        "data": {
          "text": "Follow",
          "onClick": {
            "name": "MaidoSetFollow"
          },
          "displayCondition": {
            "name": "MaidoBFollowDisp"
          },
          "width": 56,
          "height": 20,
          "name": "Follow",
          "x": 132,
          "y": 98
        }
      },
      {
        "type": "button",
        "data": {
          "text": "Repose",
          "onClick": {
            "name": "MaidoOpenWPList"
          },
          "displayCondition": {
            "name": "MaidoBReposeDisp"
          },
          "width": 56,
          "height": 20,
          "name": "Repose",
          "x": 237,
          "y": 98
        }
      },
      {
        "type": "button",
        "data": {
          "text": "Main",
          "onClick": {
            "name": "MaidoSetMain"
          },
          "displayCondition": {
            "name": "MaidoBMainDisp"
          },
          "width": 46,
          "height": 20,
          "name": "Main",
          "x": 247,
          "y": 77
        }
      }
    ],
    "gridSettings": {
      "sx": 18,
      "sy": 18,
      "ox": 11,
      "oy": 15,
      "snapOnGrid": false
    }
  }
}