{
  "_fv": 24,
  "_type": "achievement",
  "definition": {
    "achievementName": "Life Bound to Your",
    "achievementDescription": "You have bound another life whit your.",
    "achievementIcon": {
      "value": "Blocks.DOUBLE_PLANT#5"
    },
    "background": "Default",
    "disableDisplay": false,
    "showPopup": true,
    "announceToChat": true,
    "hideIfNotCompleted": true,
    "rewardLoot": [],
    "rewardRecipes": [],
    "rewardFunction": "No function",
    "rewardXP": 900,
    "achievementType": "challenge",
    "parent": {
      "value": "CUSTOM:MaidoBindingContractAchievement"
    },
    "triggerxml": "<xml xmlns=\"https://developers.google.com/blockly/xml\"><block type=\"custom_trigger\" x=\"36\" y=\"47\"><next><block type=\"advancement_trigger\" deletable=\"false\"></block></next></block></xml>"
  }
}