{
  "_fv": 24,
  "_type": "item",
  "definition": {
    "renderType": 0,
    "texture": "maido_caffe_bottle_needle",
    "customModelName": "Normal",
    "name": "Bottle with Needle",
    "rarity": "COMMON",
    "creativeTab": {
      "value": "CUSTOM:MaidoCaffeTab"
    },
    "stackSize": 10,
    "enchantability": 0,
    "useDuration": 0,
    "toolType": 1.0,
    "damageCount": 0,
    "recipeRemainder": {
      "value": ""
    },
    "destroyAnyBlock": false,
    "immuneToFire": false,
    "stayInGridWhenCrafting": false,
    "damageOnCrafting": false,
    "enableMeleeDamage": false,
    "damageVsEntity": 0.0,
    "specialInfo": [
      "Empty bottle with a needle to help you fill it."
    ],
    "hasGlow": false,
    "guiBoundTo": "<NONE>",
    "inventorySize": 9,
    "inventoryStackSize": 64,
    "onRightClickedOnBlock": {
      "name": "MaidoBottleBloodProcedure"
    },
    "hasDispenseBehavior": false
  }
}