{
  "_fv": 24,
  "_type": "achievement",
  "definition": {
    "achievementName": "Good Place",
    "achievementDescription": "A place to return to.",
    "achievementIcon": {
      "value": "CUSTOM:MaidoCaffeSpawnBlock"
    },
    "background": "Default",
    "disableDisplay": false,
    "showPopup": true,
    "announceToChat": true,
    "hideIfNotCompleted": true,
    "rewardLoot": [],
    "rewardRecipes": [],
    "rewardFunction": "No function",
    "rewardXP": 100,
    "achievementType": "goal",
    "parent": {
      "value": "CUSTOM:MaidoBindingContractAchievement"
    },
    "triggerxml": "<xml xmlns=\"https://developers.google.com/blockly/xml\"><block type=\"block_placed\" x=\"62\" y=\"12\"><value name=\"block\"><block type=\"mcitem_allblocks\"><field name=\"value\">CUSTOM:MaidoCaffeSpawnBlock</field></block></value><next><block type=\"advancement_trigger\" deletable=\"false\"></block></next></block></xml>"
  }
}