{
  "_fv": 24,
  "_type": "achievement",
  "definition": {
    "achievementName": "A Pact with Blood",
    "achievementDescription": "A contract to have someone by your side.",
    "achievementIcon": {
      "value": "CUSTOM:MaidoBindingContract"
    },
    "background": "Default",
    "disableDisplay": false,
    "showPopup": true,
    "announceToChat": true,
    "hideIfNotCompleted": true,
    "rewardLoot": [],
    "rewardRecipes": [
      "MaidoSpawnBlockRecipe"
    ],
    "rewardFunction": "No function",
    "rewardXP": 100,
    "achievementType": "goal",
    "parent": {
      "value": "CUSTOM:MaidoBloodBottleAchievement"
    },
    "triggerxml": "<xml xmlns=\"https://developers.google.com/blockly/xml\"><block type=\"item_in_inventory\" x=\"15\" y=\"49\"><value name=\"amount_l\"><block type=\"math_number\"><field name=\"NUM\">1</field></block></value><value name=\"amount_h\"><block type=\"math_number\"><field name=\"NUM\">1</field></block></value><value name=\"item\"><block type=\"mcitem_all\"><field name=\"value\">CUSTOM:MaidoBindingContract</field></block></value><next><block type=\"advancement_trigger\" deletable=\"false\"></block></next></block></xml>"
  }
}