{
  "_fv": 24,
  "_type": "gui",
  "definition": {
    "type": 0,
    "width": 205,
    "height": 140,
    "inventoryOffsetX": 0,
    "inventoryOffsetY": 0,
    "renderBgLayer": true,
    "doesPauseGame": false,
    "components": [
      {
        "type": "label",
        "data": {
          "text": "WayPoint Name:",
          "color": {
            "value": -13434829,
            "falpha": 0.0
          },
          "name": "WayPoint Name:",
          "x": 132,
          "y": 62
        }
      },
      {
        "type": "label",
        "data": {
          "text": "<VAR:MaidoName>",
          "color": {
            "value": -10092442,
            "falpha": 0.0
          },
          "name": "<VAR:MaidoName>",
          "x": 132,
          "y": 71
        }
      },
      {
        "type": "label",
        "data": {
          "text": "active:",
          "color": {
            "value": -13434829,
            "falpha": 0.0
          },
          "name": "active:",
          "x": 132,
          "y": 98
        }
      },
      {
        "type": "button",
        "data": {
          "text": "Edit",
          "onClick": {
            "name": "MaidoEditProcedure"
          },
          "width": 46,
          "height": 20,
          "name": "Edit",
          "x": 204,
          "y": 161
        }
      },
      {
        "type": "button",
        "data": {
          "text": "Activate",
          "onClick": {
            "name": "MaidoWPActiveProcedure"
          },
          "displayCondition": {
            "name": "MaidoBActivateDisp"
          },
          "width": 67,
          "height": 20,
          "name": "Activate",
          "x": 123,
          "y": 161
        }
      },
      {
        "type": "label",
        "data": {
          "text": "<VAR:MaidoState>",
          "color": {
            "value": -10092442,
            "falpha": 0.0
          },
          "name": "<VAR:MaidoState>",
          "x": 168,
          "y": 98
        }
      },
      {
        "type": "label",
        "data": {
          "text": "position:",
          "color": {
            "value": -13434829,
            "falpha": 0.0
          },
          "name": "position:",
          "x": 132,
          "y": 116
        }
      },
      {
        "type": "label",
        "data": {
          "text": "<VAR:MaidoPos>",
          "color": {
            "value": -10092442,
            "falpha": 0.0
          },
          "name": "<VAR:MaidoPos>",
          "x": 177,
          "y": 116
        }
      },
      {
        "type": "button",
        "data": {
          "text": "Close",
          "onClick": {
            "name": "MaidoCloseGUIProcedure"
          },
          "width": 51,
          "height": 20,
          "name": "Close",
          "x": 258,
          "y": 161
        }
      },
      {
        "type": "button",
        "data": {
          "text": "Edit Way Points",
          "onClick": {
            "name": "MaidoOpenWPListEdit"
          },
          "width": 103,
          "height": 20,
          "name": "Edit Way Points",
          "x": 159,
          "y": 134
        }
      }
    ],
    "gridSettings": {
      "sx": 18,
      "sy": 18,
      "ox": 11,
      "oy": 15,
      "snapOnGrid": false
    }
  }
}