{
  "_fv": 24,
  "_type": "block",
  "definition": {
    "texture": "maido_spawn_block_all",
    "textureTop": "maido_spawn_block_top",
    "textureLeft": "maido_spawn_block_all",
    "textureFront": "maido_spawn_block_all",
    "textureRight": "maido_spawn_block_all",
    "textureBack": "maido_spawn_block_all",
    "renderType": 10,
    "customModelName": "Normal",
    "rotationMode": 1,
    "emissiveRendering": true,
    "displayFluidOverlay": false,
    "itemTexture": "",
    "particleTexture": "",
    "tintType": "No tint",
    "isItemTinted": false,
    "hasTransparency": false,
    "connectedSides": false,
    "transparencyType": "SOLID",
    "disableOffset": false,
    "boundingBoxes": [
      {
        "mx": 0.0,
        "my": 0.0,
        "mz": 0.0,
        "Mx": 16.0,
        "My": 16.0,
        "Mz": 16.0,
        "subtract": false
      }
    ],
    "name": "Maido Caffe Way Point",
    "specialInfo": [
      "Place it to set the maids spawn point."
    ],
    "hardness": 1.0,
    "resistance": 10.0,
    "hasGravity": false,
    "isWaterloggable": false,
    "creativeTab": {
      "value": "CUSTOM:MaidoCaffeTab"
    },
    "destroyTool": "Not specified",
    "customDrop": {
      "value": ""
    },
    "dropAmount": 1,
    "useLootTableForDrops": false,
    "enchantPowerBonus": 0.0,
    "plantsGrowOn": false,
    "canRedstoneConnect": false,
    "lightOpacity": 15,
    "material": {
      "value": "ROCK"
    },
    "tickRate": 10,
    "tickRandomly": false,
    "isReplaceable": false,
    "canProvidePower": false,
    "emittedRedstonePower": {
      "fixedValue": 15.0
    },
    "colorOnMap": "DEFAULT",
    "creativePickItem": {
      "value": ""
    },
    "offsetType": "NONE",
    "aiPathNodeType": "DEFAULT",
    "flammability": 0,
    "fireSpreadSpeed": 0,
    "isLadder": false,
    "slipperiness": 0.6,
    "speedFactor": 1.0,
    "jumpFactor": 1.0,
    "reactionToPushing": "NORMAL",
    "isNotColidable": false,
    "isCustomSoundType": false,
    "soundOnStep": {
      "value": "STONE"
    },
    "breakSound": {
      "value": ""
    },
    "stepSound": {
      "value": ""
    },
    "placeSound": {
      "value": ""
    },
    "hitSound": {
      "value": ""
    },
    "fallSound": {
      "value": ""
    },
    "luminance": 14,
    "unbreakable": false,
    "breakHarvestLevel": 1,
    "spawnParticles": true,
    "particleToSpawn": {
      "value": "CUSTOM:MaidoBindingParticle"
    },
    "particleSpawningShape": "Plane",
    "particleSpawningRadious": 0.2,
    "particleAmount": 1,
    "particleCondition": {
      "name": "MaidoWPParticleCond"
    },
    "hasInventory": true,
    "guiBoundTo": "MaidoWaypointInfoGUI",
    "openGUIOnRightClick": false,
    "inventorySize": 9,
    "inventoryStackSize": 64,
    "inventoryDropWhenDestroyed": true,
    "inventoryComparatorPower": true,
    "inventoryOutSlotIDs": [],
    "inventoryInSlotIDs": [],
    "hasEnergyStorage": false,
    "energyInitial": 0,
    "energyCapacity": 400000,
    "energyMaxReceive": 200,
    "energyMaxExtract": 200,
    "isFluidTank": false,
    "fluidCapacity": 8000,
    "fluidRestrictions": [],
    "onRightClicked": {
      "name": "MaidoWPRightClickedProcedure"
    },
    "onDestroyedByPlayer": {
      "name": "MaidoWPDestroyed"
    },
    "onBlockPlayedBy": {
      "name": "MaidoWPPlaced"
    },
    "spawnWorldTypes": [],
    "restrictionBiomes": [],
    "blocksToReplace": [],
    "frequencyPerChunks": 10,
    "frequencyOnChunk": 16,
    "minGenerateHeight": 0,
    "maxGenerateHeight": 64
  }
}