{
  "display": {
    "icon": {
      "item": "maido_caffe:maido_caffe_spawn_block"
    },
    "title": {
      "translate": "advancements.maido_wp_achiev.title"
    },
    "description": {
      "translate": "advancements.maido_wp_achiev.descr"
    },
    "frame": "goal",
    "show_toast": true,
    "announce_to_chat": true,
    "hidden": true
  },
  "criteria": {
    "maido_wp_achiev": {
      "trigger": "minecraft:placed_block",
      "conditions": {
        "item": {
          "items": [
            "maido_caffe:maido_caffe_spawn_block"
          ]
        }
      }
    }
  },
  "rewards": {
    "experience": 100
  },
  "parent": "maido_caffe:maido_binding_contract_achievement"
}