{
  "display": {
    "background": "maido_caffe:textures/maido_achiev_bg.png",
    "icon": {
      "item": "maido_caffe:maido_caffe_bottle_needle"
    },
    "title": {
      "translate": "advancements.maido_caffe_achievement.title"
    },
    "description": {
      "translate": "advancements.maido_caffe_achievement.descr"
    },
    "frame": "task",
    "show_toast": true,
    "announce_to_chat": true,
    "hidden": true
  },
  "criteria": {
    "maido_caffe_achievement": {
      "trigger": "minecraft:impossible"
    }
  },
  "rewards": {
    "experience": 0,
    "recipes": [
      "maido_caffe:maido_bottle_needle_recipe"
    ]
  }
}