{
  "display": {
    "icon": {
      "item": "maido_caffe:maido_binding_contract"
    },
    "title": {
      "translate": "advancements.maido_binding_contract_achievement.title"
    },
    "description": {
      "translate": "advancements.maido_binding_contract_achievement.descr"
    },
    "frame": "goal",
    "show_toast": true,
    "announce_to_chat": true,
    "hidden": true
  },
  "criteria": {
    "maido_binding_contract_achievement": {
      "trigger": "minecraft:inventory_changed",
      "conditions": {
        "items": [
          {
            "items": [
              "maido_caffe:maido_binding_contract"
            ],
            "count": {
              "min": 1,
              "max": 1
            }
          }
        ]
      }
    }
  },
  "rewards": {
    "experience": 100,
    "recipes": [
      "maido_caffe:maido_spawn_block_recipe"
    ]
  },
  "parent": "maido_caffe:maido_blood_bottle_achievement"
}