{
  "display": {
    "icon": {
      "item": "minecraft:redstone_torch"
    },
    "title": {
      "translate": "advancements.maido_alpha_tester.title"
    },
    "description": {
      "translate": "advancements.maido_alpha_tester.descr"
    },
    "frame": "challenge",
    "show_toast": true,
    "announce_to_chat": true,
    "hidden": true
  },
  "criteria": {
    "maido_alpha_tester": {
      "trigger": "minecraft:impossible"
    }
  },
  "rewards": {
    "experience": 100
  },
  "parent": "maido_caffe:maido_made_bound"
}