{
  "display": {
    "icon": {
      "item": "minecraft:peony"
    },
    "title": {
      "translate": "advancements.maido_made_bound.title"
    },
    "description": {
      "translate": "advancements.maido_made_bound.descr"
    },
    "frame": "challenge",
    "show_toast": true,
    "announce_to_chat": true,
    "hidden": true
  },
  "criteria": {
    "maido_made_bound": {
      "trigger": "minecraft:impossible"
    }
  },
  "rewards": {
    "experience": 900
  },
  "parent": "maido_caffe:maido_binding_contract_achievement"
}